ISBN,name
1122334456,Fiction
2324346706,Paranormal_Romance
2324346712,Historical_Romance
2324346788,Non_Fiction
2423546703,Paranormal_Romance
2423546709,Historical_Romance
2423546757,Non_Fiction
463463601,Paranormal_Romance
463463607,Historical_Romance
4634636735,Non_Fiction
6634634605,Paranormal_Romance
6634634611,Historical_Romance
6634634666,Non_Fiction
6856846702,Paranormal_Romance
6856846708,Historical_Romance
6856846745,Non_Fiction
8644545404,Paranormal_Romance
8644545410,Historical_Romance
8644545425,Non_Fiction
8702276466,Fiction
8899447362,Fiction
9987544321,Fiction
